2022_Feb_25_023107,13,colorout,2013_Validation_GEO_Allegany_R0012973.png,34
2022_Feb_25_023122,13,colorout,2013_Validation_GEO_Allegany_R0012975.png,62
2022_Feb_25_023131,13,colorout,2013_Validation_GEO_Allegany_R0012981.png,36
2022_Feb_25_023143,13,colorout,2013_Validation_GEO_Allegany_R0012983.png,30
2022_Feb_25_023149,13,colorout,2013_Validation_GEO_Allegany_R0012988.png,40
2022_Feb_25_023203,13,colorout,2013_Validation_GEO_Allegany_R0012990.png,28
2022_Feb_25_023213,13,colorout,2013_Validation_GEO_Allegany_R0012994.png,16
2022_Feb_25_023227,13,colorout,2013_Validation_GEO_Allegany_R0012996.png,22
2022_Feb_25_023234,13,colorout,2013_Validation_GEO_Allegany_R0013000.png,34
2022_Feb_25_023242,13,colorout,2013_Validation_GEO_Allegany_R0013002.png,27
2022_Feb_25_023248,13,colorout,2013_Validation_GEO_Allegany_R0013006.png,24
2022_Feb_25_023258,13,colorout,2013_Validation_GEO_Allegany_R0013008.png,18
2022_Feb_25_023309,13,colorout,2013_Validation_GEO_Allegany_R0013012.png,46
2022_Feb_25_023326,13,colorout,2013_Validation_GEO_Allegany_R0013014.png,40
2022_Feb_25_023340,13,colorout,2013_Validation_GEO_Allegany_R0013018.png,30
2022_Feb_25_023347,13,colorout,2013_Validation_GEO_Allegany_R0013020.png,27
2022_Feb_25_023356,13,colorout,2013_Validation_GEO_Allegany_R0013025.png,45
2022_Feb_25_023411,13,colorout,2013_Validation_GEO_Allegany_R0013027.png,36
2022_Feb_25_023419,13,colorout,2013_Validation_GEO_Allegany_R0013032.png,22
2022_Feb_25_023434,13,colorout,2013_Validation_GEO_Allegany_R0013034.png,26
2022_Feb_25_023445,13,colorout,2013_Validation_GEO_Allegany_R0013038.png,31
2022_Feb_25_023503,13,colorout,2013_Validation_GEO_Allegany_R0013040.png,30
2022_Feb_25_023515,13,colorout,2013_Validation_GEO_Allegany_R0013044.png,14
2022_Feb_25_023534,13,colorout,2013_Validation_GEO_Allegany_R0013046.png,15
2022_Feb_25_023544,13,colorout,2013_Validation_GEO_Allegany_R0013051.png,25
2022_Feb_25_023600,13,colorout,2013_Validation_GEO_Allegany_R0013053.png,63
2022_Feb_25_023612,13,colorout,2013_Validation_GEO_Allegany_R0013057.png,18
2022_Feb_25_023619,13,colorout,2013_Validation_GEO_Allegany_R0013059.png,22
2022_Feb_25_023633,13,colorout,2013_Validation_GEO_Allegany_R0013080.png,53
2022_Feb_25_023645,13,colorout,2013_Validation_GEO_Allegany_R0013082.png,40
2022_Feb_25_023655,13,colorout,2013_Validation_GEO_Allegany_R0013086.png,15
2022_Feb_25_023708,13,colorout,2013_Validation_GEO_Allegany_R0013089.png,14
2022_Feb_25_023719,13,colorout,2013_Validation_GEO_Allegany_R0013093.png,65
2022_Feb_25_023727,13,colorout,2013_Validation_GEO_Allegany_R0013095.png,53
2022_Feb_25_023733,13,colorout,2013_Validation_GEO_Allegany_R0013100.png,15
2022_Feb_25_023744,13,colorout,2013_Validation_GEO_Allegany_R0013102.png,23
2022_Feb_25_023754,13,colorout,2013_Validation_GEO_Allegany_R0013106.png,61
2022_Feb_25_023800,13,colorout,2013_Validation_GEO_Allegany_R0013109.png,59
2022_Feb_25_023810,13,colorout,2013_Validation_GEO_Allegany_R0013118.png,59
2022_Feb_25_023818,13,colorout,2013_Validation_GEO_Allegany_R0013121.png,63
2022_Feb_25_023823,13,colorout,2013_Validation_GEO_Allegany_R0013126.png,48
2022_Feb_25_023831,13,colorout,2013_Validation_GEO_Allegany_R0013128.png,26
2022_Feb_25_023846,13,colorout,2013_Validation_GEO_Allegany_R0013132.png,66
2022_Feb_25_023854,13,colorout,2013_Validation_GEO_Allegany_R0013134.png,49
2022_Feb_25_023903,13,colorout,2013_Validation_GEO_Allegany_R0013138.png,31
2022_Feb_25_023909,13,colorout,2013_Validation_GEO_Allegany_R0013140.png,31
2022_Feb_25_023917,13,colorout,2013_Validation_GEO_Allegany_R0013144.png,40
2022_Feb_25_023936,13,colorout,2013_Validation_GEO_Allegany_R0013146.png,25
2022_Feb_25_023946,13,colorout,2013_Validation_GEO_Allegany_R0013150.png,41
2022_Feb_25_024014,13,colorout,2013_Validation_GEO_Allegany_R0013152.png,30
2022_Feb_25_024022,13,colorout,2013_Validation_GEO_Allegany_R0013156.png,43
2022_Feb_25_024029,13,colorout,2013_Validation_GEO_Allegany_R0013158.png,34
2022_Feb_25_024038,13,colorout,2013_Validation_GEO_Allegany_R0013162.png,16
2022_Feb_25_024057,13,colorout,2013_Validation_GEO_Allegany_R0013164.png,27
2022_Feb_25_024111,13,colorout,2013_Validation_GEO_Allegany_R0013168.png,74
2022_Feb_25_024118,13,colorout,2013_Validation_GEO_Allegany_R0013170.png,28
2022_Feb_25_024127,13,colorout,2013_Validation_GEO_Allegany_R0013175.png,45
2022_Feb_25_024142,13,colorout,2013_Validation_GEO_Allegany_R0013177.png,27
2022_Feb_25_024151,13,colorout,2013_Validation_GEO_Allegany_R0013181.png,25
2022_Feb_25_024159,13,colorout,2013_Validation_GEO_Allegany_R0013183.png,20
2022_Feb_25_024209,13,colorout,2013_Validation_GEO_Allegany_R0013188.png,35
2022_Feb_25_024216,13,colorout,2013_Validation_GEO_Allegany_R0013190.png,32
2022_Feb_25_024223,13,colorout,2013_Validation_GEO_Allegany_R0013196.png,15
2022_Feb_25_024237,13,colorout,2013_Validation_GEO_Allegany_R0013198.png,0
2022_Feb_25_024249,13,colorout,2013_Validation_GEO_Allegany_R0013202.png,52
2022_Feb_25_024309,13,colorout,2013_Validation_GEO_Allegany_R0013204.png,33
2022_Feb_25_024326,13,colorout,2013_Validation_GEO_Allegany_R0013211.png,30
2022_Feb_25_024343,13,colorout,2013_Validation_GEO_Allegany_R0013213.png,15
2022_Feb_25_024353,13,colorout,2013_Validation_GEO_Allegany_R0013219.png,37
2022_Feb_25_024404,13,colorout,2013_Validation_GEO_Allegany_R0013221.png,14
2022_Feb_25_024414,13,colorout,2013_Validation_GEO_Carroll_R0013225.png,9
2022_Feb_25_024427,13,colorout,2013_Validation_GEO_Carroll_R0013227.png,16
2022_Feb_25_024435,13,colorout,2013_Validation_GEO_Carroll_R0013233.png,32
2022_Feb_25_024456,13,colorout,2013_Validation_GEO_Carroll_R0013235.png,59
2022_Feb_25_024504,13,colorout,2013_Validation_GEO_Carroll_R0013239.png,26
2022_Feb_25_024516,13,colorout,2013_Validation_GEO_Carroll_R0013242.png,20
2022_Feb_25_024529,13,colorout,2013_Validation_GEO_Carroll_R0013252.png,26
2022_Feb_25_024546,13,colorout,2013_Validation_GEO_Carroll_R0013254.png,40
2022_Feb_25_024556,13,colorout,2013_Validation_GEO_Carroll_R0013260.png,11
2022_Feb_25_024608,13,colorout,2013_Validation_GEO_Carroll_R0013262.png,0
2022_Feb_25_024623,13,colorout,2013_Validation_GEO_Carroll_R0013269.png,17
2022_Feb_25_024640,13,colorout,2013_Validation_GEO_Carroll_R0013273.png,25
2022_Feb_25_024654,13,colorout,2013_Validation_GEO_Carroll_R0013277.png,18
2022_Feb_25_024708,13,colorout,2013_Validation_GEO_Carroll_R0013279.png,12
2022_Feb_25_024718,13,colorout,2013_Validation_GEO_Carroll_R0013284.png,24
2022_Feb_25_024726,13,colorout,2013_Validation_GEO_Carroll_R0013286.png,55
2022_Feb_25_024735,13,colorout,2013_Validation_GEO_Carroll_R0013290.png,14
2022_Feb_25_024743,13,colorout,2013_Validation_GEO_Carroll_R0013292.png,26
2022_Feb_25_024752,13,colorout,2013_Validation_GEO_Carroll_R0013296.png,24
2022_Feb_25_024803,13,colorout,2013_Validation_GEO_Carroll_R0013298.png,51
2022_Feb_25_024815,13,colorout,2013_Validation_GEO_Carroll_R0013302.png,1
2022_Feb_25_024830,13,colorout,2013_Validation_GEO_Carroll_R0013305.png,26
2022_Feb_25_024841,13,colorout,2013_Validation_GEO_Carroll_R0013313.png,64
2022_Feb_25_024850,13,colorout,2013_Validation_GEO_Carroll_R0013315.png,40
2022_Feb_25_024859,13,colorout,2013_Validation_GEO_Carroll_R0013320.png,24
2022_Feb_25_024909,13,colorout,2013_Validation_GEO_Carroll_R0013322.png,7
2022_Feb_25_024916,13,colorout,2013_Validation_GEO_Carroll_R0013327.png,57
2022_Feb_25_024929,13,colorout,2013_Validation_GEO_Carroll_R0013329.png,29
2022_Feb_25_024937,13,colorout,2013_Validation_GEO_Carroll_R0013333.png,19
2022_Feb_25_024944,13,colorout,2013_Validation_GEO_Carroll_R0013335.png,13
2022_Feb_25_024952,13,colorout,2013_Validation_GEO_Carroll_R0013342.png,40
2022_Feb_25_025000,13,colorout,2013_Validation_GEO_Carroll_R0013344.png,31
2022_Feb_25_025007,13,colorout,2013_Validation_GEO_Carroll_R0013349.png,27
2022_Feb_25_025018,13,colorout,2013_Validation_GEO_Carroll_R0013351.png,10
2022_Feb_25_025028,13,colorout,2013_Validation_GEO_Carroll_R0013356.png,39
2022_Feb_25_025036,13,colorout,2013_Validation_GEO_Carroll_R0013358.png,32
2022_Feb_25_025045,13,colorout,2013_Validation_GEO_MDGA_R0012768.png,47
2022_Feb_25_025058,13,colorout,2013_Validation_GEO_MDGA_R0012775.png,64
2022_Feb_25_025106,13,colorout,2013_Validation_GEO_MDGA_R0012784.png,40
2022_Feb_25_025115,13,colorout,2013_Validation_GEO_MDGA_R0012786.png,58
2022_Feb_25_025120,13,colorout,2013_Validation_GEO_MDGA_R0012793.png,25
2022_Feb_25_025132,13,colorout,2013_Validation_GEO_MDGA_R0012795.png,39
2022_Feb_25_025139,13,colorout,2013_Validation_GEO_MDGA_R0012799.png,40
2022_Feb_25_025147,13,colorout,2013_Validation_GEO_MDGA_R0012803.png,49
2022_Feb_25_025155,13,colorout,2013_Validation_GEO_MDGA_R0012807.png,73
2022_Feb_25_025206,13,colorout,2013_Validation_GEO_MDGA_R0012809.png,73
2022_Feb_25_025219,13,colorout,2013_Validation_GEO_MDGA_R0012814.png,48
2022_Feb_25_025224,13,colorout,2013_Validation_GEO_MDGA_R0012816.png,48
2022_Feb_25_025227,13,colorout,2013_Validation_GEO_MDGA_R0012824.png,28
2022_Feb_25_025237,13,colorout,2013_Validation_GEO_MDGA_R0012827.png,39
2022_Feb_25_025245,13,colorout,2013_Validation_GEO_MDGA_R0012831.png,40
2022_Feb_25_025258,13,colorout,2013_Validation_GEO_MDGA_R0012833.png,43
2022_Feb_25_025311,13,colorout,2013_Validation_GEO_MDGA_R0012838.png,51
2022_Feb_25_025331,13,colorout,2013_Validation_GEO_MDGA_R0012840.png,75
2022_Feb_25_025337,13,colorout,2013_Validation_GEO_MDGA_R0012846.png,50
2022_Feb_25_025350,13,colorout,2013_Validation_GEO_MDGA_R0012848.png,40
2022_Feb_25_025401,13,colorout,2013_Validation_GEO_MDGA_R0012856.png,58
2022_Feb_25_025411,13,colorout,2013_Validation_GEO_MDGA_R0012858.png,62
2022_Feb_25_025416,13,colorout,2013_Validation_GEO_MDGA_R0012862.png,30
2022_Feb_25_025423,13,colorout,2013_Validation_GEO_MDGA_R0012864.png,48
2022_Feb_25_025427,13,colorout,2013_Validation_GEO_MDGA_R0012869.png,67
2022_Feb_25_025435,13,colorout,2013_Validation_GEO_MDGA_R0012873.png,53
2022_Feb_25_025442,13,colorout,2013_Validation_GEO_MDGA_R0012877.png,40
2022_Feb_25_025449,13,colorout,2013_Validation_GEO_MDGA_R0012879.png,40
2022_Feb_25_025456,13,colorout,2013_Validation_GEO_MDGA_R0012883.png,40
2022_Feb_25_025506,13,colorout,2013_Validation_GEO_MDGA_R0012885.png,63
2022_Feb_25_025512,13,colorout,2013_Validation_GEO_MDGA_R0012890.png,38
2022_Feb_25_025518,13,colorout,2013_Validation_GEO_MDGA_R0012892.png,53
2022_Feb_25_025539,13,colorout,2013_Validation_GEO_MDGA_R0012899.png,88
2022_Feb_25_025547,13,colorout,2013_Validation_GEO_MDGA_R0012901.png,106
2022_Feb_25_025559,13,colorout,2013_Validation_GEO_MDGA_R0012905.png,48
2022_Feb_25_025610,13,colorout,2013_Validation_GEO_MDGA_R0012907.png,49
2022_Feb_25_025626,13,colorout,2013_Validation_GEO_MDGA_R0012911.png,40
2022_Feb_25_025638,13,colorout,2013_Validation_GEO_MDGA_R0012913.png,51
2022_Feb_25_025648,13,colorout,2013_Validation_GEO_MDGA_R0012919.png,40
2022_Feb_25_025654,13,colorout,2013_Validation_GEO_MDGA_R0012921.png,48
2022_Feb_25_025701,13,colorout,2013_Validation_GEO_MDGA_R0012926.png,59
2022_Feb_25_025710,13,colorout,2013_Validation_GEO_MDGA_R0012929.png,57
2022_Feb_25_025717,13,colorout,2013_Validation_GEO_MDGA_R0012934.png,38
2022_Feb_25_025723,13,colorout,2013_Validation_GEO_MDGA_R0012936.png,29
2022_Feb_25_025738,13,colorout,2013_Validation_GEO_MDGA_R0012942.png,50
2022_Feb_25_025750,13,colorout,2013_Validation_GEO_MDGA_R0012945.png,39
2022_Feb_25_025811,13,colorout,2013_Validation_GEO_MDGA_R0012950.png,40
2022_Feb_25_025820,13,colorout,2013_Validation_GEO_MDGA_R0012952.png,40
2022_Feb_25_025829,13,colorout,2013_Validation_GEO_MDGA_R0012957.png,46
2022_Feb_25_025844,13,colorout,2013_Validation_GEO_MDGA_R0012959.png,51
2022_Feb_25_025852,13,colorout,2013_Validation_GEO_MDGA_R0012965.png,25
2022_Feb_25_025859,13,colorout,2013_Validation_GEO_MDGA_R0012967.png,46
2022_Feb_25_025907,13,colorout,2013_Validation_GEO_Montgomery__R0013379.png,66
2022_Feb_25_025914,13,colorout,2013_Validation_GEO_Montgomery__R0013381.png,81
2022_Feb_25_025924,13,colorout,2013_Validation_GEO_Montgomery__R0013385.png,58
2022_Feb_25_025933,13,colorout,2013_Validation_GEO_Montgomery__R0013387.png,44
2022_Feb_25_025940,13,colorout,2013_Validation_GEO_Montgomery__R0013391.png,35
2022_Feb_25_025951,13,colorout,2013_Validation_GEO_Montgomery__R0013393.png,52
2022_Feb_25_025957,13,colorout,2013_Validation_GEO_Montgomery__R0013398.png,17
2022_Feb_25_030011,13,colorout,2013_Validation_GEO_Montgomery__R0013400.png,44
2022_Feb_25_030017,13,colorout,2013_Validation_GEO_Montgomery__R0013405.png,72
2022_Feb_25_030025,13,colorout,2013_Validation_GEO_Montgomery__R0013407.png,75
2022_Feb_25_030040,13,colorout,2013_Validation_GEO_Montgomery__R0013412.png,59
2022_Feb_25_030046,13,colorout,2013_Validation_GEO_Montgomery__R0013414.png,40
2022_Feb_25_030055,13,colorout,2013_Validation_GEO_Montgomery__R0013418.png,71
2022_Feb_25_030104,13,colorout,2013_Validation_GEO_Montgomery__R0013420.png,103
2022_Feb_25_030124,13,colorout,2013_Validation_GEO_Montgomery__R0013425.png,57
2022_Feb_25_030141,13,colorout,2013_Validation_GEO_Montgomery__R0013427.png,48
2022_Feb_25_030151,13,colorout,2013_Validation_GEO_Montgomery__R0013431.png,83
2022_Feb_25_030207,13,colorout,2013_Validation_GEO_Montgomery__R0013433.png,90
2022_Feb_25_030219,13,colorout,2013_Validation_GEO_Montgomery__R0013441.png,54
2022_Feb_25_030229,13,colorout,2013_Validation_GEO_Montgomery__R0013443.png,39
2022_Feb_25_030246,13,colorout,2013_Validation_GEO_Montgomery__R0013447.png,65
2022_Feb_25_030257,13,colorout,2013_Validation_GEO_Montgomery__R0013449.png,77
2022_Feb_25_030309,13,colorout,2013_Validation_GEO_Montgomery__R0013453.png,40
2022_Feb_25_030325,13,colorout,2013_Validation_GEO_Montgomery__R0013455.png,40
2022_Feb_25_030338,13,colorout,2013_Validation_GEO_Montgomery__R0013459.png,70
2022_Feb_25_030402,13,colorout,2013_Validation_GEO_Montgomery__R0013461.png,69
2022_Feb_25_030411,13,colorout,2013_Validation_GEO_Montgomery__R0013466.png,52
2022_Feb_25_030417,13,colorout,2013_Validation_GEO_Montgomery__R0013469.png,32
2022_Feb_25_030426,13,colorout,2013_Validation_GEO_Montgomery__R0013473.png,63
2022_Feb_25_030433,13,colorout,2013_Validation_GEO_Montgomery__R0013475.png,61
2022_Feb_25_030440,13,colorout,2013_Validation_GEO_Montgomery__R0013482.png,69
2022_Feb_25_030451,13,colorout,2013_Validation_GEO_Montgomery__R0013484.png,51
2022_Feb_25_030500,13,colorout,2013_Validation_GEO_Montgomery__R0013488.png,69
2022_Feb_25_030510,13,colorout,2013_Validation_GEO_Montgomery__R0013491.png,86
2022_Feb_25_030520,13,colorout,2013_Validation_GEO_Montgomery__R0013495.png,55
2022_Feb_25_030530,13,colorout,2013_Validation_GEO_Montgomery__R0013497.png,46
2022_Feb_25_030542,13,colorout,2013_Validation_GEO_Montgomery__R0013501.png,83
2022_Feb_25_030556,13,colorout,2013_Validation_GEO_Montgomery__R0013503.png,76
2022_Feb_25_030611,13,colorout,2013_Validation_GEO_Montgomery__R0013510.png,46
2022_Feb_25_030619,13,colorout,2013_Validation_GEO_Montgomery__R0013512.png,28
2022_Feb_25_030627,13,colorout,2013_Validation_GEO_Montgomery__R0013516.png,61
2022_Feb_25_030642,13,colorout,2013_Validation_GEO_Montgomery__R0013519.png,89
2022_Feb_25_030658,13,colorout,2013_Validation_GEO_Montgomery__R0013524.png,57
2022_Feb_25_030705,13,colorout,2013_Validation_GEO_Montgomery__R0013526.png,51
2022_Feb_25_030714,13,colorout,2013_Validation_GEO_Montgomery__R0013530.png,49
2022_Feb_25_030732,13,colorout,2013_Validation_GEO_Montgomery__R0013532.png,36
2022_Feb_25_030749,13,colorout,2013_Validation_GEO_Montgomery__R0013536.png,23
2022_Feb_25_030759,13,colorout,2013_Validation_GEO_Montgomery__R0013538.png,28
2022_Feb_25_030807,13,colorout,2013_Validation_GEO_Montgomery__R0013542.png,40
2022_Feb_25_030823,13,colorout,2013_Validation_GEO_Montgomery__R0013544.png,40
2022_Feb_25_030831,13,colorout,2013_Validation_GEO_Montgomery__R0013548.png,53
2022_Feb_25_030845,13,colorout,2013_Validation_GEO_Montgomery__R0013550.png,39
2022_Feb_25_030901,13,colorout,2013_Validation_GEO_Montgomery__R0013554.png,25
2022_Feb_25_030912,13,colorout,2013_Validation_GEO_Montgomery__R0013557.png,13
2022_Feb_25_030923,13,colorout,2013_Validation_GEO_Montgomery__R0013563.png,25
2022_Feb_25_030931,13,colorout,2013_Validation_GEO_Montgomery__R0013565.png,32
2022_Feb_25_030944,13,colorout,2013_Validation_GEO_Montgomery__R0013570.png,12
2022_Feb_25_031000,13,colorout,2013_Validation_GEO_Montgomery__R0013573.png,17
2022_Feb_25_031011,13,colorout,2013_Validation_GEO_Montgomery__R0013578.png,6
2022_Feb_25_031020,13,colorout,2013_Validation_GEO_Montgomery__R0013580.png,30
2022_Feb_25_031027,13,colorout,2013_Validation_GEO_Montgomery__R0013585.png,30
2022_Feb_25_031044,13,colorout,2013_Validation_GEO_Montgomery__R0013588.png,31
2022_Feb_25_031054,13,colorout,2013_Validation_GEO_Montgomery__R0013593.png,23
2022_Feb_25_031103,13,colorout,2013_Validation_GEO_Montgomery__R0013595.png,32
2022_Feb_25_031111,13,colorout,2013_Validation_GEO_State_R0013605.png,116
2022_Feb_25_031126,13,colorout,2013_Validation_GEO_State_R0013607.png,120
2022_Feb_25_031137,13,colorout,2013_Validation_GEO_State_R0013614.png,59
2022_Feb_25_031144,13,colorout,2013_Validation_GEO_State_R0013617.png,42
2022_Feb_25_031211,13,colorout,2013_Validation_GEO_State_R0013621.png,89
2022_Feb_25_031218,13,colorout,2013_Validation_GEO_State_R0013623.png,63
2022_Feb_25_031225,13,colorout,2013_Validation_GEO_State_R0013630.png,40
2022_Feb_25_031239,13,colorout,2013_Validation_GEO_State_R0013632.png,32
2022_Feb_25_031250,13,colorout,2013_Validation_GEO_State_R0013636.png,99
2022_Feb_25_031257,13,colorout,2013_Validation_GEO_State_R0013638.png,99
2022_Feb_25_031320,13,colorout,2013_Validation_GEO_State_R0013642.png,71
2022_Feb_25_031328,13,colorout,2013_Validation_GEO_State_R0013644.png,53
2022_Feb_25_031335,13,colorout,2013_Validation_GEO_State_R0013647.png,52
2022_Feb_25_031340,13,colorout,2013_Validation_GEO_State_R0013649.png,50
2022_Feb_25_031352,13,colorout,2013_Validation_GEO_State_R0013653.png,50
2022_Feb_25_031404,13,colorout,2013_Validation_GEO_State_R0013655.png,22
2022_Feb_25_031414,13,colorout,2013_Validation_GEO_State_R0013658.png,46
2022_Feb_25_031423,13,colorout,2013_Validation_GEO_State_R0013660.png,105
2022_Feb_25_031434,13,colorout,2013_Validation_GEO_State_R0013665.png,28
2022_Feb_25_031441,13,colorout,2013_Validation_GEO_State_R0013667.png,29
2022_Feb_25_031450,13,colorout,2013_Validation_GEO_State_R0013671.png,62
2022_Feb_25_031456,13,colorout,2013_Validation_GEO_State_R0013673.png,73
2022_Feb_25_031507,13,colorout,2013_Validation_GEO_State_R0013677.png,112
2022_Feb_25_031515,13,colorout,2013_Validation_GEO_State_R0013679.png,47
2022_Feb_25_031526,13,colorout,2013_Validation_GEO_State_R0013683.png,67
2022_Feb_25_031532,13,colorout,2013_Validation_GEO_State_R0013685.png,69
2022_Feb_25_031544,13,colorout,2013_Validation_GEO_State_R0013689.png,108
2022_Feb_25_031554,13,colorout,2013_Validation_GEO_State_R0013691.png,14
2022_Feb_25_031603,13,colorout,2013_Validation_GEO_State_R0013695.png,55
2022_Feb_25_031610,13,colorout,2013_Validation_GEO_State_R0013697.png,88
2022_Feb_25_031620,13,colorout,2013_Validation_GEO_State_R0013701.png,104
2022_Feb_25_031634,13,colorout,2013_Validation_GEO_State_R0013703.png,69
2022_Feb_25_031644,13,colorout,2013_Validation_GEO_State_R0013708.png,33
2022_Feb_25_031707,13,colorout,2013_Validation_GEO_State_R0013710.png,51
2022_Feb_25_031722,13,colorout,2013_Validation_GEO_State_R0013714.png,24
2022_Feb_25_031731,13,colorout,2013_Validation_GEO_State_R0013717.png,14
2022_Feb_25_031737,13,colorout,2013_Validation_GEO_State_R0013721.png,67
2022_Feb_25_031750,13,colorout,2013_Validation_GEO_State_R0013723.png,62
2022_Feb_25_031812,13,colorout,2013_Validation_GEO_State_R0013730.png,35
2022_Feb_25_031821,13,colorout,2013_Validation_GEO_State_R0013732.png,24
2022_Feb_25_031838,13,colorout,2013_Validation_GEO_State_R0013737.png,35
2022_Feb_25_031847,13,colorout,2013_Validation_GEO_State_R0013739.png,89
2022_Feb_25_031857,13,colorout,2013_Validation_GEO_State_R0013748.png,97
2022_Feb_25_031908,13,colorout,2013_Validation_GEO_State_R0013750.png,33
2022_Feb_25_031916,13,colorout,2013_Validation_GEO_State_R0013755.png,49
2022_Feb_25_031923,13,colorout,2013_Validation_GEO_State_R0013757.png,71
2022_Feb_25_031933,13,colorout,2013_Validation_GEO_State_R0013761.png,22
2022_Feb_25_031943,13,colorout,2013_Validation_GEO_State_R0013763.png,39
2022_Feb_25_031952,13,colorout,2013_Validation_GEO_State_R0013767.png,36
2022_Feb_25_032001,13,colorout,2013_Validation_GEO_State_R0013769.png,44
2022_Feb_25_032013,13,colorout,2013_Validation_GEO_State_R0013773.png,97
2022_Feb_25_032024,13,colorout,2013_Validation_GEO_State_R0013775.png,83
2022_Feb_25_032035,13,colorout,2013_Validation_GEO_State_R0013779.png,33
2022_Feb_25_032044,13,colorout,2013_Validation_GEO_State_R0013781.png,65
2022_Feb_25_032054,13,colorout,2013_Validation_GEO_State_R0013786.png,33
2022_Feb_25_032101,13,colorout,2013_Validation_GEO_State_R0013789.png,15
2022_Feb_25_032112,13,colorout,2013_Validation_GEO_State_R0013794.png,76
2022_Feb_25_032131,13,colorout,2013_Validation_GEO_State_R0013796.png,65
2022_Feb_25_032141,13,colorout,2013_Validation_GEO_State_R0013801.png,16
2022_Feb_25_032150,13,colorout,2013_Validation_GEO_State_R0013803.png,12
2022_Feb_25_032159,13,colorout,2013_Validation_GEO_State_R0013807.png,61
2022_Feb_25_032209,13,colorout,2013_Validation_GEO_State_R0013809.png,61
2022_Feb_25_032221,13,colorout,2013_Validation_GEO_State_R0013813.png,35
2022_Feb_25_032243,13,colorout,2013_Validation_GEO_State_R0013815.png,12
2022_Feb_25_032255,13,colorout,2013_Validation_GEO_State_R0013820.png,80
2022_Feb_25_032309,13,colorout,2013_Validation_GEO_State_R0013822.png,67
2022_Feb_25_032321,13,colorout,2013_Validation_GEO_State_R0013826.png,21
2022_Feb_25_032333,13,colorout,2013_Validation_GEO_State_R0013828.png,20
2022_Feb_25_032343,13,colorout,2013_Validation_GEO_State_R0013832.png,63
2022_Feb_25_032413,13,colorout,2013_Validation_GEO_State_R0013834.png,56
2022_Feb_25_032441,13,colorout,2013_Validation_GEO_State_R0013839.png,50
2022_Feb_25_032457,13,colorout,2013_Validation_GEO_State_R0013841.png,57
2022_Feb_25_032514,13,colorout,2013_Validation_GEO_State_R0013845.png,56
2022_Feb_25_032521,13,colorout,2013_Validation_GEO_State_R0013848.png,59
2022_Feb_25_032530,13,colorout,2013_Validation_GEO_State_R0013852.png,69
2022_Feb_25_032542,13,colorout,2013_Validation_GEO_State_R0013854.png,17
2022_Feb_25_032550,13,colorout,2013_Validation_GEO_Allegany_R0013114.png,35
2022_Feb_25_032610,13,colorout,2013_Validation_GEO_Allegany_R0013119.png,36
